"pop_code","VT","IH"
"CHL",0.0119379702955484,0.0267926286906004
"CLK",0.0363980606198311,0.0195677001029253
"CPL",0.0175349712371826,0.0201846044510603
"DCK",0.028483472764492,0.0122141921892762
"DPR",0.00977490283548832,0.019990561529994
"GAM",0.0234124697744846,0.0164706967771053
"HBY",0.0346062406897545,0.016674492508173
"HST",0.0237325858324766,0.0171707551926374
"KAP",0.0217844657599926,0.0180856846272945
"LON",0.0131068024784327,0.0294373519718647
"LPD",0.0102185681462288,0.0231727454811335
"MMT",0.0215090364217758,0.0123197976499796
"NBY",0.0122219817712903,0.0220516286790371
"NIC",0.00513253128156066,0.0190970227122307
"OFR",0.0355332717299461,0.0182836912572384
"OUT",0.026554124429822,0.0165300015360117
"SKN",0.0307922102510929,0.0171581134200096
"SLC",0.00882028229534626,0.0235389824956656
"SSR",0.0314353704452515,0.0337032973766327
"TIM",0.0190296228975058,0.0170584861189127
"TUR",0.0354549326002598,0.0193082597106695
"USDA1",0.011028622277081,0.0155424354597926
"USDA10",0.0145494285970926,0.0179979614913464
"USDA12",0.0120728220790625,0.0175077877938747
"USDA13",0.00845968443900347,0.0175409000366926
"USDA14",0.0114281056448817,0.0202138312160969
"USDA15",0.0105421813204885,0.0206307340413332
"USDA16",0.0100342975929379,0.0202356092631817
"USDA17",0.00883060321211815,0.0209005977958441
"USDA18",0.00940877385437489,0.0191089957952499
"USDA19",0.011267714202404,0.0148276966065168
"USDA2",0.0105721708387136,0.0167294517159462
"USDA21",0.0117613486945629,0.0143427476286888
"USDA3",0.0153781305998564,0.0164907891303301
"USDA4",0.0119655756279826,0.0134491482749581
"USDA5",0.0146301342174411,0.0134612992405891
"USDA6",0.0131173254922032,0.013215895742178
"USDA7",0.0129600763320923,0.0121262585744262
"USDA8",0.0147654097527266,0.0111906686797738
"USDA9",0.0144912656396627,0.0118100801482797
"VER",0.0105851963162422,0.0242956932634115
"WTR",0.0222242511808872,0.0197059959173203
